Name,A0,A1,A2,A3,A4,A5,A6
Natalie Kelly,40,45,50,55,60,65,70
Andrew Bell,67,69,71,73,75,77,79
Zoey Howard,50,55,60,65,70,75,80
Oliver Brooks,72,74,76,78,80,82,84
Grace Wood,60,70,80,90,85,75,65
Matthew Ward,90,85,80,75,70,65,60
Wyatt Diaz,60,70,80,90,85,75,65
Chloe Perry,88,90,92,94,96,98,100
